Cases, Selection, Insertion
100, 0.000000, 0.000000
200, 0.000000, 0.000000
300, 0.000000, 0.000000
400, 0.000000, 0.000000
500, 0.000000, 0.000000
600, 0.001000, 0.000000
700, 0.000000, 0.000000
800, 0.000000, 0.000000
900, 0.000000, 0.000000
1000, 0.001000, 0.000000
1100, 0.001000, 0.000000
1200, 0.000000, 0.001000
1300, 0.001000, 0.001000
1400, 0.001000, 0.001000
1500, 0.001000, 0.001000
1600, 0.001000, 0.001000
1700, 0.001000, 0.002000
1800, 0.002000, 0.002000
1900, 0.002000, 0.001000
2000, 0.002000, 0.002000
2100, 0.002000, 0.002000
2200, 0.003000, 0.002000
2300, 0.003000, 0.003000
2400, 0.003000, 0.005000
2500, 0.004000, 0.004000
2600, 0.005000, 0.003000
2700, 0.006000, 0.004000
2800, 0.005000, 0.005000
2900, 0.007000, 0.004000
3000, 0.005000, 0.004000
3100, 0.005000, 0.006000
3200, 0.005000, 0.006000
3300, 0.007000, 0.006000
3400, 0.007000, 0.007000
3500, 0.008000, 0.007000
3600, 0.008000, 0.007000
3700, 0.009000, 0.008000
3800, 0.009000, 0.007000
3900, 0.008000, 0.008000
4000, 0.009000, 0.008000
4100, 0.010000, 0.008000
4200, 0.012000, 0.011000
4300, 0.012000, 0.011000
4400, 0.012000, 0.010000
4500, 0.011000, 0.010000
4600, 0.011000, 0.009000
4700, 0.010000, 0.009000
4800, 0.010000, 0.008000
4900, 0.010000, 0.009000
5000, 0.012000, 0.010000
5100, 0.012000, 0.011000
5200, 0.015000, 0.013000
5300, 0.017000, 0.014000
5400, 0.017000, 0.014000
5500, 0.017000, 0.014000
5600, 0.017000, 0.015000
5700, 0.018000, 0.015000
5800, 0.018000, 0.016000
5900, 0.019000, 0.016000
6000, 0.018000, 0.014000
6100, 0.017000, 0.015000
6200, 0.017000, 0.014000
6300, 0.017000, 0.014000
6400, 0.017000, 0.015000
6500, 0.018000, 0.015000
6600, 0.018000, 0.015000
6700, 0.018000, 0.017000
6800, 0.020000, 0.017000
6900, 0.020000, 0.017000
7000, 0.023000, 0.018000
7100, 0.025000, 0.022000
7200, 0.026000, 0.022000
7300, 0.027000, 0.023000
7400, 0.028000, 0.024000
7500, 0.029000, 0.025000
7600, 0.030000, 0.025000
7700, 0.030000, 0.026000
7800, 0.031000, 0.027000
7900, 0.033000, 0.027000
8000, 0.038000, 0.040000
8100, 0.031000, 0.025000
8200, 0.029000, 0.024000
8300, 0.028000, 0.025000
8400, 0.030000, 0.025000
8500, 0.029000, 0.026000
8600, 0.030000, 0.027000
8700, 0.032000, 0.027000
8800, 0.032000, 0.028000
8900, 0.033000, 0.028000
9000, 0.038000, 0.029000
9100, 0.034000, 0.030000
9200, 0.036000, 0.030000
9300, 0.035000, 0.031000
9400, 0.036000, 0.031000
9500, 0.037000, 0.033000
9600, 0.040000, 0.033000
9700, 0.038000, 0.034000
9800, 0.040000, 0.034000
9900, 0.040000, 0.041000
10000, 0.046000, 0.037000
10100, 0.043000, 0.036000
10200, 0.043000, 0.038000
10300, 0.043000, 0.038000
10400, 0.045000, 0.039000
10500, 0.046000, 0.039000
10600, 0.048000, 0.040000
10700, 0.048000, 0.041000
10800, 0.049000, 0.042000
10900, 0.052000, 0.050000
11000, 0.055000, 0.044000
11100, 0.052000, 0.044000
11200, 0.053000, 0.045000
11300, 0.053000, 0.044000
11400, 0.054000, 0.049000
11500, 0.064000, 0.057000
11600, 0.065000, 0.049000
11700, 0.057000, 0.048000
11800, 0.057000, 0.050000
11900, 0.059000, 0.055000
12000, 0.066000, 0.053000
12100, 0.061000, 0.052000
12200, 0.060000, 0.053000
12300, 0.063000, 0.053000
12400, 0.063000, 0.055000
12500, 0.065000, 0.055000
12600, 0.066000, 0.056000
12700, 0.074000, 0.072000
12800, 0.085000, 0.074000
12900, 0.088000, 0.075000
13000, 0.103000, 0.083000
13100, 0.090000, 0.076000
13200, 0.089000, 0.077000
13300, 0.091000, 0.079000
13400, 0.092000, 0.080000
13500, 0.086000, 0.066000
13600, 0.079000, 0.065000
13700, 0.077000, 0.066000
13800, 0.078000, 0.069000
13900, 0.082000, 0.069000
14000, 0.091000, 0.069000
14100, 0.082000, 0.070000
14200, 0.084000, 0.073000
14300, 0.084000, 0.073000
14400, 0.085000, 0.074000
14500, 0.088000, 0.078000
14600, 0.091000, 0.082000
14700, 0.089000, 0.077000
14800, 0.090000, 0.079000
14900, 0.092000, 0.078000
15000, 0.127000, 0.103000
15100, 0.121000, 0.104000
15200, 0.121000, 0.105000
15300, 0.124000, 0.107000
15400, 0.125000, 0.108000
15500, 0.128000, 0.109000
15600, 0.129000, 0.118000
15700, 0.132000, 0.107000
15800, 0.103000, 0.088000
15900, 0.104000, 0.090000
16000, 0.111000, 0.090000
16100, 0.108000, 0.092000
16200, 0.109000, 0.095000
16300, 0.110000, 0.094000
16400, 0.112000, 0.096000
16500, 0.128000, 0.124000
16600, 0.145000, 0.126000
16700, 0.148000, 0.127000
16800, 0.151000, 0.129000
16900, 0.151000, 0.131000
17000, 0.146000, 0.102000
17100, 0.124000, 0.103000
17200, 0.124000, 0.104000
17300, 0.127000, 0.107000
17400, 0.141000, 0.113000
17500, 0.127000, 0.111000
17600, 0.148000, 0.109000
17700, 0.129000, 0.112000
17800, 0.132000, 0.111000
17900, 0.133000, 0.113000
18000, 0.156000, 0.143000
18100, 0.171000, 0.127000
18200, 0.141000, 0.149000
18300, 0.179000, 0.154000
18400, 0.181000, 0.153000
18500, 0.182000, 0.156000
18600, 0.179000, 0.155000
18700, 0.182000, 0.157000
18800, 0.183000, 0.157000
18900, 0.186000, 0.161000
19000, 0.179000, 0.128000
19100, 0.155000, 0.129000
19200, 0.152000, 0.132000
19300, 0.156000, 0.156000
19400, 0.199000, 0.172000
19500, 0.202000, 0.175000
19600, 0.205000, 0.176000
19700, 0.207000, 0.178000
19800, 0.209000, 0.146000
19900, 0.164000, 0.140000
20000, 0.170000, 0.142000
20100, 0.170000, 0.143000
20200, 0.175000, 0.145000
20300, 0.172000, 0.146000
20400, 0.173000, 0.151000
20500, 0.178000, 0.151000
20600, 0.177000, 0.152000
20700, 0.180000, 0.151000
20800, 0.180000, 0.154000
20900, 0.180000, 0.154000
21000, 0.197000, 0.159000
21100, 0.186000, 0.166000
21200, 0.222000, 0.182000
21300, 0.221000, 0.163000
21400, 0.194000, 0.190000
21500, 0.239000, 0.220000
21600, 0.249000, 0.214000
21700, 0.253000, 0.230000
21800, 0.255000, 0.218000
21900, 0.256000, 0.218000
22000, 0.207000, 0.173000
22100, 0.204000, 0.174000
22200, 0.205000, 0.178000
22300, 0.211000, 0.178000
22400, 0.214000, 0.179000
22500, 0.214000, 0.180000
22600, 0.212000, 0.212000
22700, 0.265000, 0.229000
22800, 0.268000, 0.231000
22900, 0.254000, 0.188000
23000, 0.227000, 0.240000
23100, 0.279000, 0.240000
23200, 0.232000, 0.190000
23300, 0.229000, 0.196000
23400, 0.230000, 0.194000
23500, 0.231000, 0.217000
23600, 0.286000, 0.246000
23700, 0.284000, 0.214000
23800, 0.291000, 0.252000
23900, 0.296000, 0.232000
24000, 0.297000, 0.262000
24100, 0.305000, 0.264000
24200, 0.308000, 0.266000
24300, 0.311000, 0.267000
24400, 0.313000, 0.268000
24500, 0.315000, 0.270000
24600, 0.319000, 0.277000
24700, 0.320000, 0.276000
24800, 0.321000, 0.278000
24900, 0.324000, 0.240000
25000, 0.350000, 0.226000
25100, 0.262000, 0.244000
25200, 0.324000, 0.244000
25300, 0.332000, 0.286000
25400, 0.334000, 0.288000
25500, 0.337000, 0.289000
25600, 0.338000, 0.294000
25700, 0.282000, 0.235000
25800, 0.279000, 0.269000
25900, 0.281000, 0.241000
26000, 0.360000, 0.312000
26100, 0.289000, 0.243000
26200, 0.290000, 0.243000
26300, 0.348000, 0.310000
26400, 0.362000, 0.312000
26500, 0.365000, 0.314000
26600, 0.369000, 0.316000
26700, 0.372000, 0.317000
26800, 0.374000, 0.320000
26900, 0.369000, 0.263000
27000, 0.383000, 0.260000
27100, 0.336000, 0.327000
27200, 0.384000, 0.330000
27300, 0.389000, 0.272000
27400, 0.384000, 0.269000
27500, 0.319000, 0.274000
27600, 0.318000, 0.294000
27700, 0.407000, 0.348000
27800, 0.408000, 0.342000
27900, 0.324000, 0.279000
28000, 0.381000, 0.278000
28100, 0.334000, 0.282000
28200, 0.334000, 0.323000
28300, 0.377000, 0.285000
28400, 0.385000, 0.346000
28500, 0.424000, 0.362000
28600, 0.422000, 0.373000
28700, 0.429000, 0.368000
28800, 0.431000, 0.371000
28900, 0.438000, 0.392000
29000, 0.464000, 0.360000
29100, 0.446000, 0.386000
29200, 0.453000, 0.389000
29300, 0.457000, 0.317000
29400, 0.365000, 0.310000
29500, 0.417000, 0.362000
29600, 0.370000, 0.312000
29700, 0.398000, 0.392000
29800, 0.463000, 0.395000
29900, 0.464000, 0.401000
30000, 0.465000, 0.383000
30100, 0.413000, 0.406000
30200, 0.456000, 0.407000
30300, 0.477000, 0.411000
30400, 0.410000, 0.331000
30500, 0.396000, 0.370000
30600, 0.456000, 0.435000
30700, 0.500000, 0.349000
30800, 0.401000, 0.336000
30900, 0.405000, 0.349000
31000, 0.419000, 0.374000
31100, 0.563000, 0.476000
31200, 0.543000, 0.409000
31300, 0.517000, 0.436000
31400, 0.529000, 0.465000
31500, 0.506000, 0.483000
31600, 0.508000, 0.411000
31700, 0.522000, 0.512000
31800, 0.513000, 0.460000
31900, 0.559000, 0.475000
32000, 0.577000, 0.407000
32100, 0.459000, 0.437000
32200, 0.542000, 0.397000
32300, 0.475000, 0.461000
32400, 0.485000, 0.488000
32500, 0.623000, 0.489000
32600, 0.660000, 0.514000
32700, 0.500000, 0.500000
32800, 0.580000, 0.502000
32900, 0.537000, 0.504000
33000, 0.534000, 0.509000
33100, 0.470000, 0.399000
33200, 0.561000, 0.595000
33300, 0.472000, 0.517000
33400, 0.621000, 0.555000
33500, 0.479000, 0.407000
33600, 0.532000, 0.430000
33700, 0.511000, 0.559000
33800, 0.637000, 0.538000
33900, 0.624000, 0.422000
34000, 0.565000, 0.436000
34100, 0.609000, 0.608000
34200, 0.672000, 0.557000
34300, 0.688000, 0.578000
34400, 0.651000, 0.575000
34500, 0.648000, 0.552000
34600, 0.658000, 0.473000
34700, 0.555000, 0.522000
34800, 0.506000, 0.436000
34900, 0.510000, 0.429000
35000, 0.638000, 0.560000
35100, 0.654000, 0.559000
35200, 0.658000, 0.560000
35300, 0.655000, 0.567000
35400, 0.662000, 0.567000
35500, 0.677000, 0.576000
35600, 0.669000, 0.576000
35700, 0.684000, 0.574000
35800, 0.675000, 0.577000
35900, 0.676000, 0.457000
36000, 0.549000, 0.558000
36100, 0.690000, 0.587000
36200, 0.719000, 0.616000
36300, 0.562000, 0.473000
36400, 0.553000, 0.468000
36500, 0.566000, 0.584000
36600, 0.705000, 0.603000
36700, 0.715000, 0.635000
36800, 0.736000, 0.639000
36900, 0.638000, 0.482000
37000, 0.762000, 0.626000
37100, 0.680000, 0.623000
37200, 0.691000, 0.621000
37300, 0.738000, 0.653000
37400, 0.626000, 0.638000
37500, 0.692000, 0.565000
37600, 0.745000, 0.635000
37700, 0.748000, 0.642000
37800, 0.756000, 0.641000
37900, 0.760000, 0.650000
38000, 0.618000, 0.512000
38100, 0.608000, 0.512000
38200, 0.678000, 0.668000
38300, 0.787000, 0.676000
38400, 0.798000, 0.549000
38500, 0.624000, 0.526000
38600, 0.627000, 0.530000
38700, 0.628000, 0.530000
38800, 0.631000, 0.534000
38900, 0.639000, 0.540000
39000, 0.813000, 0.594000
39100, 0.783000, 0.691000
39200, 0.825000, 0.687000
39300, 0.821000, 0.697000
39400, 0.821000, 0.607000
39500, 0.766000, 0.580000
39600, 0.851000, 0.729000
39700, 0.844000, 0.713000
39800, 0.841000, 0.714000
39900, 0.837000, 0.719000
40000, 0.679000, 0.570000
40100, 0.683000, 0.569000
40200, 0.810000, 0.728000
40300, 0.863000, 0.741000
40400, 0.871000, 0.738000
40500, 0.873000, 0.743000
40600, 0.878000, 0.745000
40700, 0.879000, 0.751000
40800, 0.881000, 0.750000
40900, 0.889000, 0.756000
41000, 0.741000, 0.732000
41100, 0.894000, 0.775000
41200, 0.780000, 0.636000
41300, 0.905000, 0.773000
41400, 0.937000, 0.807000
41500, 0.943000, 0.815000
41600, 0.952000, 0.710000
41700, 0.741000, 0.616000
41800, 0.734000, 0.621000
41900, 0.772000, 0.758000
42000, 0.968000, 0.672000
42100, 0.761000, 0.801000
42200, 0.940000, 0.803000
42300, 0.945000, 0.810000
42400, 0.951000, 0.812000
42500, 0.953000, 0.818000
42600, 0.962000, 0.819000
42700, 0.966000, 0.824000
42800, 0.970000, 0.826000
42900, 0.894000, 0.655000
43000, 0.971000, 0.871000
43100, 1.111000, 0.933000
43200, 1.011000, 0.807000
43300, 0.815000, 0.762000
43400, 1.004000, 0.855000
43500, 0.927000, 0.863000
43600, 1.012000, 0.716000
43700, 0.803000, 0.685000
43800, 0.819000, 0.741000
43900, 0.921000, 0.886000
44000, 0.955000, 0.893000
44100, 1.062000, 0.827000
44200, 0.968000, 0.891000
44300, 1.067000, 0.915000
44400, 1.052000, 0.907000
44500, 1.076000, 0.909000
44600, 1.076000, 0.914000
44700, 1.060000, 0.918000
44800, 0.889000, 0.915000
44900, 1.062000, 0.734000
45000, 1.121000, 0.966000
45100, 1.082000, 0.763000
45200, 1.028000, 0.733000
45300, 1.025000, 0.920000
45400, 1.087000, 0.894000
45500, 1.114000, 0.931000
45600, 1.005000, 0.771000
45700, 0.884000, 0.831000
45800, 1.122000, 0.966000
45900, 1.200000, 0.973000
46000, 1.113000, 0.986000
46100, 1.147000, 0.904000
46200, 1.131000, 0.963000
46300, 1.107000, 0.968000
46400, 1.130000, 0.977000
46500, 1.151000, 0.982000
46600, 0.992000, 0.779000
46700, 1.149000, 0.995000
46800, 1.165000, 0.995000
46900, 1.165000, 0.996000
47000, 1.167000, 0.842000
47100, 1.152000, 1.004000
47200, 1.184000, 1.010000
47300, 1.204000, 1.011000
47400, 1.195000, 1.016000
47500, 0.978000, 0.910000
47600, 1.199000, 1.019000
47700, 1.209000, 1.030000
47800, 1.210000, 1.027000
47900, 1.217000, 1.038000
48000, 1.233000, 1.040000
48100, 1.229000, 1.046000
48200, 1.226000, 1.044000
48300, 1.236000, 1.052000
48400, 1.244000, 1.052000
48500, 1.250000, 0.908000
48600, 0.996000, 0.837000
48700, 1.063000, 0.982000
48800, 1.266000, 1.072000
48900, 1.214000, 0.873000
49000, 1.024000, 0.856000
49100, 1.026000, 0.857000
49200, 1.023000, 0.863000
49300, 1.242000, 1.148000
49400, 1.106000, 0.953000
49500, 1.104000, 1.037000
49600, 1.331000, 1.038000
49700, 1.168000, 1.097000
49800, 1.372000, 1.168000
49900, 1.154000, 0.887000
50000, 1.344000, 1.128000
50100, 1.341000, 1.139000
50200, 1.120000, 0.973000
50300, 1.382000, 1.167000
50400, 1.289000, 1.156000
50500, 1.103000, 0.911000
50600, 1.310000, 1.178000
50700, 1.259000, 1.027000
50800, 1.094000, 0.919000
50900, 1.125000, 1.113000
51000, 1.492000, 1.091000
51100, 1.381000, 1.100000
51200, 1.540000, 1.296000
51300, 1.549000, 1.197000
51400, 1.257000, 1.187000
51500, 1.421000, 1.213000
51600, 1.435000, 1.216000
51700, 1.215000, 1.159000
51800, 1.138000, 0.950000
51900, 1.139000, 0.989000
52000, 1.179000, 0.963000
52100, 1.373000, 1.259000
52200, 1.184000, 1.123000
52300, 1.244000, 1.131000
52400, 1.346000, 1.199000
52500, 1.571000, 1.240000
52600, 1.336000, 1.086000
52700, 1.423000, 1.059000
52800, 1.550000, 1.318000
52900, 1.564000, 1.413000
53000, 1.569000, 1.186000
53100, 1.516000, 1.298000
53200, 1.531000, 1.293000
53300, 1.536000, 1.315000
53400, 1.590000, 1.348000
53500, 1.882000, 1.461000
53600, 1.618000, 1.356000
53700, 1.411000, 1.478000
53800, 1.769000, 1.528000
53900, 1.816000, 1.501000
54000, 1.832000, 1.506000
54100, 1.827000, 1.421000
54200, 1.752000, 1.611000
54300, 1.971000, 1.577000
54400, 1.690000, 1.510000
54500, 1.697000, 1.375000
54600, 1.674000, 1.954000
54700, 1.878000, 1.532000
54800, 1.640000, 1.238000
54900, 1.779000, 1.608000
55000, 1.518000, 1.405000
55100, 1.797000, 1.468000
55200, 1.562000, 1.415000
55300, 1.740000, 1.519000
55400, 1.705000, 1.234000
55500, 1.698000, 1.508000
55600, 1.638000, 1.462000
55700, 1.453000, 1.291000
55800, 1.793000, 1.291000
55900, 1.464000, 1.381000
56000, 1.347000, 1.448000
56100, 1.734000, 1.295000
56200, 1.462000, 1.378000
56300, 1.736000, 1.331000
56400, 1.628000, 1.466000
56500, 1.727000, 1.304000
56600, 1.371000, 1.142000
56700, 1.596000, 1.491000
56800, 1.630000, 1.397000
56900, 1.501000, 1.309000
57000, 1.431000, 1.475000
57100, 1.867000, 1.558000
57200, 1.753000, 1.504000
57300, 1.503000, 1.169000
57400, 1.759000, 1.665000
57500, 1.879000, 1.404000
57600, 1.611000, 1.232000
57700, 1.691000, 1.375000
57800, 1.862000, 1.513000
57900, 1.788000, 1.391000
58000, 1.642000, 1.447000
58100, 1.688000, 1.556000
58200, 1.843000, 1.567000
58300, 1.857000, 1.573000
58400, 1.859000, 1.515000
58500, 1.622000, 1.217000
58600, 1.540000, 1.617000
58700, 1.860000, 1.228000
58800, 1.657000, 1.586000
58900, 1.826000, 1.627000
59000, 1.504000, 1.278000
59100, 1.736000, 1.253000
59200, 1.785000, 1.618000
59300, 1.924000, 1.498000
59400, 1.782000, 1.631000
59500, 1.835000, 1.348000
59600, 1.527000, 1.269000
59700, 1.620000, 1.270000
59800, 1.538000, 1.476000
59900, 1.606000, 1.597000
60000, 1.659000, 1.334000
60100, 1.609000, 1.407000
60200, 1.690000, 1.305000
60300, 1.577000, 1.422000
60400, 1.936000, 1.740000
60500, 1.631000, 1.647000
60600, 1.662000, 1.623000
60700, 2.041000, 1.738000
60800, 2.056000, 1.726000
60900, 2.053000, 1.731000
61000, 2.051000, 1.736000
61100, 2.005000, 1.600000
61200, 1.711000, 1.398000
61300, 1.612000, 1.348000
61400, 1.753000, 1.861000
61500, 2.066000, 1.805000
61600, 2.162000, 1.404000
61700, 1.633000, 1.374000
61800, 1.649000, 1.372000
61900, 2.139000, 1.561000
62000, 1.659000, 1.916000
62100, 2.286000, 1.936000
62200, 2.204000, 1.816000
62300, 1.671000, 1.428000
62400, 1.997000, 1.402000
62500, 1.992000, 1.579000
62600, 1.746000, 1.458000
62700, 2.095000, 1.570000
62800, 1.987000, 1.455000
62900, 2.270000, 1.969000
63000, 2.133000, 1.889000
63100, 2.190000, 1.854000
63200, 1.827000, 1.589000
63300, 1.720000, 1.432000
63400, 1.734000, 1.953000
63500, 2.357000, 1.889000
63600, 2.218000, 1.874000
63700, 2.239000, 1.909000
63800, 2.219000, 1.717000
63900, 1.824000, 2.008000
64000, 1.767000, 1.489000
64100, 2.165000, 1.915000
64200, 2.262000, 1.915000
64300, 2.278000, 1.917000
64400, 2.287000, 1.917000
64500, 2.158000, 1.493000
64600, 1.800000, 1.869000
64700, 2.297000, 1.895000
64800, 2.522000, 2.115000
64900, 2.241000, 1.506000
65000, 1.834000, 1.518000
65100, 2.013000, 1.983000
65200, 2.338000, 2.010000
65300, 2.051000, 1.961000
65400, 2.332000, 1.876000
65500, 2.402000, 1.989000
65600, 2.361000, 1.981000
65700, 2.354000, 1.592000
65800, 2.320000, 1.991000
65900, 2.283000, 1.728000
66000, 2.246000, 1.997000
66100, 2.115000, 1.912000
66200, 2.131000, 1.601000
66300, 1.884000, 1.877000
66400, 2.419000, 2.048000
66500, 2.441000, 2.054000
66600, 2.418000, 2.044000
66700, 2.272000, 2.057000
66800, 2.297000, 1.921000
66900, 2.442000, 1.714000
67000, 2.528000, 2.165000
67100, 2.535000, 2.165000
67200, 2.535000, 2.135000
67300, 2.481000, 2.091000
67400, 2.546000, 2.163000
67500, 2.075000, 1.628000
67600, 2.049000, 2.206000
67700, 2.641000, 2.056000
67800, 2.207000, 2.030000
67900, 2.354000, 2.118000
68000, 2.013000, 1.861000
68100, 2.514000, 2.154000
68200, 2.548000, 1.978000
68300, 2.534000, 2.024000
68400, 2.128000, 1.891000
68500, 2.418000, 2.011000
68600, 2.114000, 1.939000
68700, 2.163000, 1.686000
68800, 2.045000, 2.171000
68900, 2.180000, 2.078000
69000, 2.137000, 1.698000
69100, 2.703000, 2.178000
69200, 2.423000, 1.762000
69300, 2.382000, 1.726000
69400, 2.323000, 2.009000
69500, 2.700000, 2.342000
69600, 2.695000, 2.115000
69700, 2.673000, 2.183000
69800, 2.682000, 2.135000
69900, 2.825000, 2.296000
70000, 2.761000, 2.288000
70100, 2.702000, 2.070000
70200, 2.663000, 2.249000
70300, 2.700000, 2.283000
70400, 2.691000, 2.282000
70500, 2.714000, 2.285000
70600, 2.664000, 2.278000
70700, 2.756000, 2.331000
70800, 2.742000, 2.288000
70900, 2.797000, 2.282000
71000, 2.702000, 2.296000
71100, 2.793000, 2.350000
71200, 2.767000, 2.326000
71300, 2.771000, 2.108000
71400, 2.352000, 2.303000
71500, 2.635000, 2.356000
71600, 2.787000, 2.324000
71700, 2.925000, 2.375000
71800, 2.605000, 2.363000
71900, 2.757000, 1.917000
72000, 2.312000, 2.158000
72100, 2.284000, 2.388000
72200, 2.830000, 2.389000
72300, 2.856000, 2.416000
72400, 2.848000, 2.394000
72500, 2.868000, 2.406000
72600, 2.847000, 2.412000
72700, 2.975000, 2.489000
72800, 2.862000, 2.959000
72900, 2.956000, 2.448000
73000, 2.692000, 2.423000
73100, 2.911000, 2.479000
73200, 2.660000, 2.085000
73300, 2.963000, 2.621000
73400, 2.909000, 2.270000
73500, 2.957000, 2.482000
73600, 2.946000, 2.494000
73700, 3.041000, 2.659000
73800, 2.899000, 2.037000
73900, 2.919000, 2.524000
74000, 2.882000, 2.565000
74100, 2.981000, 2.246000
74200, 2.785000, 2.475000
74300, 3.079000, 2.562000
74400, 3.040000, 2.580000
74500, 2.888000, 2.357000
74600, 2.984000, 2.595000
74700, 2.998000, 2.369000
74800, 2.954000, 2.461000
74900, 2.763000, 2.386000
75000, 2.997000, 2.611000
75100, 2.923000, 2.483000
75200, 3.065000, 2.277000
75300, 3.108000, 2.609000
75400, 2.921000, 2.475000
75500, 3.163000, 2.527000
75600, 3.111000, 2.595000
75700, 2.880000, 2.755000
75800, 2.871000, 2.579000
75900, 3.092000, 2.633000
76000, 2.748000, 2.557000
76100, 3.167000, 2.500000
76200, 3.152000, 2.530000
76300, 2.737000, 2.556000
76400, 3.139000, 2.675000
76500, 3.328000, 2.738000
76600, 3.165000, 2.704000
76700, 3.207000, 2.701000
76800, 3.206000, 2.702000
76900, 3.267000, 2.690000
77000, 2.969000, 2.587000
77100, 3.284000, 2.726000
77200, 3.263000, 2.359000
77300, 3.193000, 2.800000
77400, 3.331000, 2.742000
77500, 2.915000, 2.512000
77600, 3.112000, 2.816000
77700, 3.327000, 2.779000
77800, 3.384000, 2.830000
77900, 2.742000, 2.218000
78000, 2.919000, 2.526000
78100, 3.325000, 2.760000
78200, 3.305000, 2.805000
78300, 3.186000, 2.865000
78400, 3.348000, 2.700000
78500, 3.353000, 2.579000
78600, 3.366000, 2.826000
78700, 3.433000, 2.849000
78800, 3.354000, 2.430000
78900, 3.240000, 2.855000
79000, 3.088000, 2.802000
79100, 3.430000, 2.659000
79200, 2.739000, 2.246000
79300, 3.015000, 2.885000
79400, 2.861000, 2.457000
79500, 3.480000, 2.916000
79600, 3.464000, 2.906000
79700, 3.426000, 2.923000
79800, 3.483000, 2.873000
79900, 3.496000, 2.943000
80000, 3.288000, 2.940000
80100, 3.498000, 3.115000
80200, 3.529000, 2.793000
80300, 3.685000, 2.884000
80400, 3.435000, 2.896000
80500, 3.278000, 2.648000
80600, 3.538000, 2.713000
80700, 3.719000, 2.671000
80800, 3.669000, 3.067000
80900, 3.695000, 3.136000
81000, 3.828000, 3.120000
81100, 3.671000, 3.112000
81200, 3.585000, 3.119000
81300, 3.604000, 2.810000
81400, 3.631000, 2.772000
81500, 3.329000, 2.557000
81600, 3.253000, 3.058000
81700, 3.651000, 3.069000
81800, 3.334000, 2.616000
81900, 3.548000, 2.958000
82000, 3.847000, 3.197000
82100, 3.592000, 3.109000
82200, 3.792000, 3.217000
82300, 3.439000, 2.853000
82400, 3.418000, 2.959000
82500, 3.858000, 3.211000
82600, 3.730000, 3.162000
82700, 3.959000, 2.598000
82800, 3.793000, 3.224000
82900, 3.776000, 3.193000
83000, 3.832000, 3.060000
83100, 3.763000, 3.203000
83200, 3.861000, 3.185000
83300, 3.900000, 3.321000
83400, 3.821000, 3.201000
83500, 3.708000, 2.498000
83600, 3.143000, 3.038000
83700, 3.857000, 3.147000
83800, 3.819000, 2.561000
83900, 3.871000, 3.266000
84000, 3.742000, 3.192000
84100, 3.948000, 2.902000
84200, 3.732000, 3.267000
84300, 3.961000, 3.313000
84400, 3.977000, 2.992000
84500, 3.168000, 3.261000
84600, 4.207000, 3.205000
84700, 3.939000, 3.300000
84800, 3.972000, 3.116000
84900, 3.203000, 3.335000
85000, 4.047000, 3.340000
85100, 4.011000, 3.326000
85200, 3.360000, 2.613000
85300, 3.892000, 3.372000
85400, 3.985000, 3.628000
85500, 4.361000, 3.590000
85600, 4.273000, 3.668000
85700, 4.095000, 3.143000
85800, 3.802000, 3.400000
85900, 3.402000, 3.475000
86000, 3.631000, 3.655000
86100, 4.196000, 3.551000
86200, 4.171000, 2.931000
86300, 4.241000, 3.134000
86400, 3.982000, 2.803000
86500, 3.552000, 3.295000
86600, 4.068000, 3.395000
86700, 4.320000, 3.473000
86800, 4.175000, 3.454000
86900, 3.921000, 3.229000
87000, 3.581000, 3.338000
87100, 4.126000, 3.242000
87200, 3.992000, 3.461000
87300, 4.354000, 3.639000
87400, 4.344000, 3.536000
87500, 4.224000, 3.599000
87600, 4.072000, 2.927000
87700, 4.146000, 3.783000
87800, 4.251000, 3.209000
87900, 4.107000, 3.588000
88000, 4.079000, 3.188000
88100, 4.332000, 3.890000
88200, 4.585000, 3.933000
88300, 4.664000, 3.919000
88400, 4.317000, 3.733000
88500, 4.563000, 3.073000
88600, 4.050000, 3.770000
88700, 4.146000, 3.159000
88800, 4.359000, 3.691000
88900, 3.819000, 3.369000
89000, 4.200000, 3.265000
89100, 4.224000, 3.858000
89200, 4.256000, 3.446000
89300, 4.511000, 3.076000
89400, 4.410000, 3.773000
89500, 4.388000, 3.654000
89600, 3.851000, 3.361000
89700, 4.226000, 3.416000
89800, 4.584000, 3.861000
89900, 4.856000, 3.463000
90000, 4.561000, 3.771000
90100, 4.521000, 3.777000
90200, 4.417000, 3.787000
90300, 4.233000, 3.481000
90400, 4.510000, 3.508000
90500, 4.217000, 3.712000
90600, 4.189000, 3.509000
90700, 4.436000, 2.975000
90800, 3.620000, 3.503000
90900, 4.543000, 3.808000
91000, 4.157000, 4.095000
91100, 4.881000, 4.111000
91200, 4.331000, 3.029000
91300, 4.487000, 3.790000
91400, 4.291000, 3.803000
91500, 4.647000, 3.939000
91600, 4.546000, 3.634000
91700, 4.554000, 3.823000
91800, 4.256000, 3.676000
91900, 4.425000, 3.610000
92000, 4.308000, 3.105000
92100, 4.503000, 3.559000
92200, 4.569000, 3.498000
92300, 4.345000, 4.177000
92400, 4.717000, 3.732000
92500, 5.060000, 4.048000
92600, 4.542000, 3.776000
92700, 4.520000, 3.884000
92800, 4.691000, 3.905000
92900, 4.784000, 3.910000
93000, 4.526000, 3.945000
93100, 4.701000, 4.109000
93200, 4.653000, 3.884000
93300, 4.809000, 4.076000
93400, 4.991000, 3.889000
93500, 4.765000, 3.432000
93600, 4.650000, 3.948000
93700, 4.694000, 3.718000
93800, 4.722000, 3.941000
93900, 4.850000, 3.766000
94000, 4.623000, 3.847000
94100, 4.563000, 3.908000
94200, 4.807000, 4.229000
94300, 4.781000, 3.897000
94400, 4.761000, 3.795000
94500, 5.025000, 4.028000
94600, 4.712000, 3.206000
94700, 3.946000, 3.488000
94800, 4.892000, 4.095000
94900, 4.986000, 4.364000
95000, 4.817000, 4.091000
95100, 4.927000, 4.076000
95200, 4.884000, 3.958000
95300, 4.273000, 4.095000
95400, 4.836000, 4.078000
95500, 4.947000, 4.103000
95600, 4.019000, 3.919000
95700, 4.710000, 4.157000
95800, 4.986000, 4.144000
95900, 4.992000, 4.056000
96000, 4.506000, 4.057000
96100, 4.634000, 4.160000
96200, 4.630000, 4.226000
96300, 4.944000, 4.041000
96400, 5.238000, 4.179000
96500, 5.054000, 4.226000
96600, 5.079000, 4.305000
96700, 5.024000, 4.196000
96800, 5.095000, 4.214000
96900, 5.095000, 4.226000
97000, 5.000000, 4.121000
97100, 5.391000, 4.359000
97200, 5.281000, 4.324000
97300, 5.203000, 3.688000
97400, 5.003000, 4.340000
97500, 5.257000, 3.940000
97600, 5.451000, 4.229000
97700, 5.183000, 4.174000
97800, 4.976000, 4.107000
97900, 5.495000, 4.366000
98000, 5.696000, 4.469000
98100, 5.549000, 4.554000
98200, 5.037000, 4.358000
98300, 4.897000, 4.096000
98400, 5.217000, 4.010000
98500, 4.915000, 4.093000
98600, 5.118000, 4.159000
98700, 4.867000, 3.771000
98800, 5.062000, 4.052000
98900, 4.905000, 4.128000
99000, 4.451000, 4.036000
99100, 4.922000, 3.816000
99200, 4.883000, 3.898000
99300, 4.855000, 3.974000
99400, 5.038000, 4.044000
99500, 4.834000, 3.946000
99600, 4.741000, 4.051000
99700, 4.694000, 4.087000
99800, 4.665000, 3.651000
99900, 4.708000, 4.060000
100000, 5.007000, 4.036000
